File,URL,Title,H1,Meta Description,Canonical
index-original.html,https://www.alliancegroups.com.au/index-original.html,Alliance Group | Structure. Safety. Standards. | Brisbane &amp; Queensland,"Building
        Queensland's
        Gold Standard.","Alliance Group &amp; AUasbestos deliver elite residential &amp; commercial construction, certified hazardous remediation, and the proprietary Compliance Shield™ standard across Brisbane &amp; Queensland.",https://www.alliancegroups.com.au/
emergency-roof-repairs.html,https://www.alliancegroups.com.au/emergency-roof-repairs.html,Emergency Roof Repairs Brisbane | 24/7 Storm Make-Safe | Alliance Group,Emergency Roof Repairs Brisbane,"24/7 emergency roof repairs, storm damage make-safe &amp; emergency roof tarping across Brisbane &amp; SE QLD. Fast deployment for severe leaks &amp; structural impact.",https://www.alliancegroups.com.au/emergency-roof-repairs.html
building-compliance-brisbane.html,https://www.alliancegroups.com.au/building-compliance-brisbane.html,Building Compliance Brisbane &amp; QLD | Building Compliance Audits &amp; Compliance Shield™,Building Compliance Brisbane,"Building compliance audits, NCC & WHS statutory standards verification, and structural risk reviews across Brisbane. Powered by Compliance Shield™ ($395 fixed fee).",https://www.alliancegroups.com.au/building-compliance-brisbane.html
ai-triage.html,https://www.alliancegroups.com.au/ai-triage.html,AI Compliance Triage &amp; Multi-Agent Engine | Alliance Group Brisbane,"Statutory Compliance &amp;
        Hazard Triage Engine.",Access Alliance Group,https://www.alliancegroups.com.au/ai-triage.html
asbestos-removal-ipswich.html,https://www.alliancegroups.com.au/asbestos-removal-ipswich.html,Licensed Asbestos Removal Ipswich | AUasbestos &amp; Alliance Group,Licensed Asbestos Removal Ipswich,"Certified Class A &amp; B asbestos removal, NATA laboratory testing, and clearance certificates across Ipswich and West Moreton. Commercial &amp; residential hazmat.",https://www.alliancegroups.com.au/asbestos-removal-ipswich.html
asbestos-compliance.html,https://www.alliancegroups.com.au/asbestos-compliance.html,Asbestos Compliance Queensland | Duty Holder Framework | Alliance Group,Queensland Asbestos Compliance Framework,Complete guide to Queensland asbestos compliance under the WHS Act &amp; Regulation 2011. Compliance Shield™ document audits ($395) &amp; statutory risk management.,https://www.alliancegroups.com.au/asbestos-compliance.html
commercial-asbestos-services.html,https://www.alliancegroups.com.au/commercial-asbestos-services.html,Commercial Asbestos Services Brisbane &amp; QLD | Alliance Group,Commercial Asbestos Services Queensland,"Commercial asbestos removal, stripouts, registers (s425) &amp; management plans (s429) for body corporates, industrial facilities &amp; property managers across QLD.",https://www.alliancegroups.com.au/commercial-asbestos-services.html
asbestos-removal-moreton-bay.html,https://www.alliancegroups.com.au/asbestos-removal-moreton-bay.html,Licensed Asbestos Removal Moreton Bay | AUasbestos &amp; Alliance Group,Licensed Asbestos Removal Moreton Bay,"Certified Class A &amp; B asbestos removal, NATA lab testing, and independent clearance certificates across Moreton Bay region. Strathpine, Caboolture, Redcliffe.",https://www.alliancegroups.com.au/asbestos-removal-moreton-bay.html
emergency-building-response.html,https://www.alliancegroups.com.au/emergency-building-response.html,Emergency Building Response Brisbane | 24/7 Structural Make-Safe | Alliance Group,Emergency Building Response Brisbane,"24/7 emergency building response, storm damage make-safe, structural propping &amp; hazardous material containment across Brisbane &amp; South East Queensland.",https://www.alliancegroups.com.au/emergency-building-response.html
index.html,https://www.alliancegroups.com.au/index.html,Compliance Shield™ — $395 Asbestos & Demolition Document Review | Alliance Group Queensland,"Your documents are either
        protecting you —
        or exposing you.",Get your asbestos & demolition compliance documents reviewed by Alliance Group,https://www.alliancegroups.com.au/
refunds.html,https://www.alliancegroups.com.au/refunds.html,"Refund &amp; Cancellation Policy | Alliance Group &amp; AUasbestos | Brisbane, QLD",Refund &amp; Cancellation Policy,"Refund, Return, and Cancellation Policy for Alliance Group Pty Ltd and AUasbestos in compliance with Australian Consumer Law (ACL) and Google Merchant Center standards.",https://www.alliancegroups.com.au/refunds.html
contact.html,https://www.alliancegroups.com.au/contact.html,Contact &amp; Request a Quote | Alliance Group Brisbane QLD,"Request a Scope &amp;
        Fixed-Price Proposal.","Request a fixed-price proposal or book certified asbestos testing, building construction, and Compliance Shield audits across Brisbane and Queensland. 24/7 emergency make-safe response.",https://www.alliancegroups.com.au/contact.html
commercial-roof-repairs.html,https://www.alliancegroups.com.au/commercial-roof-repairs.html,Commercial Roof Repairs Brisbane &amp; QLD | Industrial Metal Roofing | Alliance Group,Commercial Roof Repairs Queensland,"Licensed & certified commercial roof repairs, box gutter engineering, industrial metal re-roofing &amp; hazardous Super Six roof replacement across Queensland.",https://www.alliancegroups.com.au/commercial-roof-repairs.html
asbestos-management-plans-queensland.html,https://www.alliancegroups.com.au/asbestos-management-plans-queensland.html,Asbestos Management Plans Queensland (s429) | Alliance Group,Asbestos Management Plans Queensland (s429),"Legally compliant Asbestos Management Plans (AMP) under QLD WHS Regulation 2011 s429. Custom risk control protocols, 5-year review schedules, and emergency procedures.",https://www.alliancegroups.com.au/asbestos-management-plans-queensland.html
building-remediation-brisbane.html,https://www.alliancegroups.com.au/building-remediation-brisbane.html,Building Remediation Brisbane | Structural Repairs &amp; Defect Rectification | Alliance Group,Building Remediation Brisbane,"Licensed Removalists &amp; Compliance Specialists providing structural building remediation, concrete cancer repair, waterproofing failure rectification &amp; strata renewals across Brisbane.",https://www.alliancegroups.com.au/building-remediation-brisbane.html
roof-repairs-brisbane.html,https://www.alliancegroups.com.au/roof-repairs-brisbane.html,Roof Repairs Brisbane | Leak Diagnostics &amp; Metal/Tile Restoration | Alliance Group,Roof Repairs Brisbane,"Licensed & certified roof repairs across Brisbane. Commercial metal roofing, persistent leak tracing, valley/flashing repairs &amp; asbestos roof replacement. Free quote.",https://www.alliancegroups.com.au/roof-repairs-brisbane.html
terms.html,https://www.alliancegroups.com.au/terms.html,"Terms &amp; Conditions | Alliance Group &amp; AUasbestos | Brisbane, QLD",Terms &amp; Conditions,"Terms &amp; Conditions for services provided by Alliance Group Pty Ltd and AUasbestos. Outlines quotations, bookings, safety compliance, payments, and Australian Consumer Law guarantees.",https://www.alliancegroups.com.au/terms.html
risk-checker.html,https://www.alliancegroups.com.au/risk-checker.html,Building Compliance &amp; Risk Estimator | Alliance Group Brisbane,"Building Compliance &amp;
        Risk Estimator.","Instant property risk assessment and statutory compliance estimator for Queensland properties. Calculate asbestos risk, WHS permit requirements, and clearance costs in seconds.",https://www.alliancegroups.com.au/risk-checker.html
shipping.html,https://www.alliancegroups.com.au/shipping.html,Service Delivery &amp; Shipping Policy | Alliance Group &amp; AUasbestos,Service Delivery &amp; Shipping Policy,"Shipping, fulfillment, site attendance, and laboratory turnaround times for Alliance Group and AUasbestos across Queensland and Australia.",https://www.alliancegroups.com.au/shipping.html
asbestos-removal-gold-coast.html,https://www.alliancegroups.com.au/asbestos-removal-gold-coast.html,Licensed Asbestos Removal Gold Coast | AUasbestos &amp; Alliance Group,Licensed Asbestos Removal Gold Coast,"Certified Class A &amp; B asbestos removal, NATA sample testing, and independent clearance across the Gold Coast. Commercial &amp; residential hazmat contractors.",https://www.alliancegroups.com.au/asbestos-removal-gold-coast.html
projects.html,https://www.alliancegroups.com.au/projects.html,Featured Projects &amp; Remediation Case Proof | Alliance Group Brisbane,"Featured Projects &amp;
        Case Studies.","Explore landmark architectural construction projects, commercial builds, and certified asbestos clearance case studies delivered by Alliance Group across Queensland.",https://www.alliancegroups.com.au/projects.html
residential-asbestos-services.html,https://www.alliancegroups.com.au/residential-asbestos-services.html,Residential Asbestos Testing &amp; Removal Brisbane | AUasbestos,Residential Asbestos Testing &amp; Removal,Safe residential asbestos testing ($195 on-site / $380 comprehensive audit) &amp; licensed removal across Brisbane &amp; QLD. Pre-renovation &amp; pre-purchase hazard checks. Free quote.,https://www.alliancegroups.com.au/residential-asbestos-services.html
asbestos-roof-removal.html,https://www.alliancegroups.com.au/asbestos-roof-removal.html,Asbestos Roof Removal &amp; Colorbond Replacement Brisbane | Alliance Group,Asbestos Roof Removal &amp; Colorbond Replacement,Specialist Super Six corrugated asbestos roof removal and modern Colorbond replacement. licensed asbestos removal &amp; compliance team &amp; Class B hazmat team across SE QLD.,https://www.alliancegroups.com.au/asbestos-roof-removal.html
water-ingress-investigation.html,https://www.alliancegroups.com.au/water-ingress-investigation.html,Water Ingress Investigation Brisbane | Diagnostic Leak Tracing | Alliance Group,Water Ingress Investigation Brisbane,"Forensic water ingress investigation, diagnostic flood testing, thermal imaging &amp; engineered leak rectification for Brisbane commercial &amp; strata buildings.",https://www.alliancegroups.com.au/water-ingress-investigation.html
roof-leak-investigation.html,https://www.alliancegroups.com.au/roof-leak-investigation.html,Roof Leak Investigation Brisbane | Diagnostic Leak Tracing | Alliance Group,Roof Leak Investigation Brisbane,"Forensic roof leak diagnostic tracing, electronic moisture testing, thermal imaging &amp; permanent leak repair for Brisbane residential, strata &amp; commercial roofs.",https://www.alliancegroups.com.au/roof-leak-investigation.html
roof-inspection-brisbane.html,https://www.alliancegroups.com.au/roof-inspection-brisbane.html,Roof Inspection Brisbane | Condition Audits &amp; Drone Surveys | Alliance Group,Roof Inspection Brisbane,"Comprehensive roof inspections, drone thermal surveys &amp; condition reports for commercial, strata &amp; residential properties across Brisbane &amp; Queensland.",https://www.alliancegroups.com.au/roof-inspection-brisbane.html
asbestos-services.html,https://www.alliancegroups.com.au/asbestos-services.html,"Asbestos Testing, Removal &amp; Clearance | AUasbestos &amp; Alliance Group Brisbane","Licensed Asbestos Testing, Removal &amp; Clearance Solutions","NATA-accredited asbestos testing, certified removal, comprehensive hazard audits, and clearance certificates across Brisbane and Queensland. Licensed, fast turnaround &amp; fully compliant.",https://www.alliancegroups.com.au/asbestos-services.html
building-defect-inspections.html,https://www.alliancegroups.com.au/building-defect-inspections.html,Building Defect Inspections Brisbane &amp; QLD | Forensic Audits | Alliance Group,Building Defect Inspections Queensland,"Forensic building defect inspections, expert witness reporting &amp; non-destructive testing for body corporates, commercial owners &amp; insurers across Queensland.",https://www.alliancegroups.com.au/building-defect-inspections.html
compliance-shield-portal.html,https://www.alliancegroups.com.au/compliance-shield-portal.html,Compliance Shield Portal | Alliance Group,Compliance Shield™ Portal,"Securely upload your compliance documents, ABN, and required insurances to the Alliance Group Compliance Shield Portal.",https://www.alliancegroups.com.au/compliance-shield-portal.html
compliance-shield.html,https://www.alliancegroups.com.au/compliance-shield.html,Compliance Shield™ Framework | Alliance Group Queensland,"The Compliance Shield™
        4-Pillar Standard.",The Compliance Shield™ is Queensland,https://www.alliancegroups.com.au/compliance-shield.html
asbestos-removal-brisbane.html,https://www.alliancegroups.com.au/asbestos-removal-brisbane.html,Licensed Asbestos Removal Brisbane | A &amp; B Class Hazmat | Alliance Group,Licensed Asbestos Removal Brisbane,"licensed asbestos removal &amp; compliance team &amp; Class A/B asbestos removal across Brisbane. Commercial, residential &amp; industrial hazmat remediation under Compliance Shield™. Free quote.",https://www.alliancegroups.com.au/asbestos-removal-brisbane.html
reviews.html,https://www.alliancegroups.com.au/reviews.html,Verified Client Reviews &amp; Testimonials | Alliance Group Brisbane,"What Our Clients
        Say Across Queensland.","Read authentic 5-star reviews from residential property owners, commercial facility directors, and body corporates across Brisbane and South East Queensland.",https://www.alliancegroups.com.au/reviews.html
asbestos-registers-queensland.html,https://www.alliancegroups.com.au/asbestos-registers-queensland.html,Asbestos Registers Queensland | Statutory s425 Compliance | Alliance Group,Statutory Asbestos Registers Queensland (s425),"Statutory workplace Asbestos Registers under QLD WHS Regulation 2011 s425. Commercial buildings, strata &amp; body corporates. Compliance Shield™ 48hr turnaround.",https://www.alliancegroups.com.au/asbestos-registers-queensland.html
roof-restoration-brisbane.html,https://www.alliancegroups.com.au/roof-restoration-brisbane.html,Roof Restoration Brisbane | Metal &amp; Tile Membrane Coatings | Alliance Group,Roof Restoration Brisbane,"Licensed & certified roof restoration across Brisbane. Tile re-pointing, metal roof re-screwing, heat-reflective membrane coatings &amp; structural repairs. Free quote.",https://www.alliancegroups.com.au/roof-restoration-brisbane.html
construction-services.html,https://www.alliancegroups.com.au/construction-services.html,"Construction, Renovations &amp; Commercial Fitouts Brisbane | Alliance Group","Engineered Construction &amp;
        Architectural Builds.","Licensed & certified residential & commercial construction, luxury home renovations, and structural engineering across Brisbane & South East Queensland. Fixed-price contracts.",https://www.alliancegroups.com.au/construction-services.html
asbestos-removal-sunshine-coast.html,https://www.alliancegroups.com.au/asbestos-removal-sunshine-coast.html,Licensed Asbestos Removal Sunshine Coast &amp; Noosa | Alliance Group,Licensed Asbestos Removal Sunshine Coast,"Class A &amp; B licensed asbestos removal, NATA sampling &amp; clearance certificates across the Sunshine Coast &amp; Noosa. Commercial &amp; residential hazmat specialists.",https://www.alliancegroups.com.au/asbestos-removal-sunshine-coast.html
building-defects-brisbane.html,https://www.alliancegroups.com.au/building-defects-brisbane.html,Building Defects Brisbane | Forensic Inspection &amp; Rectification | Alliance Group,Building Defects Brisbane,"licensed asbestos &amp; building compliance team investigating and rectifying structural building defects, slab movement, facade cracking, and waterproofing failure across Brisbane.",https://www.alliancegroups.com.au/building-defects-brisbane.html
privacy.html,https://www.alliancegroups.com.au/privacy.html,"Privacy Policy | Alliance Group & AUasbestos | Brisbane, QLD",Privacy Policy,"Privacy Policy for Alliance Group Pty Ltd and AUasbestos. Details on personal information collection, use, security, and Australian Privacy Principles compliance.",https://www.alliancegroups.com.au/privacy.html
compliance-shield/index.html,https://www.alliancegroups.com.au/index.html,Compliance Shield™ — $395 Asbestos & Demolition Document Review | Alliance Group Queensland,"Your documents are either
        protecting you —
        or exposing you.",Get your asbestos & demolition compliance documents reviewed by Alliance Group,https://www.alliancegroups.com.au/compliance-shield/
case-studies/index.html,https://www.alliancegroups.com.au/index.html,Case Studies &amp; Evidence | Alliance Building &amp; Hazmat Group,Case Studies &amp; Evidence,"Explore real commercial project evidence, asbestos roof replacements, strata water ingress rectifications, and statutory compliance audits across Queensland.",https://www.alliancegroups.com.au/case-studies/index.html
case-studies/multi-unit-compliance-shield-audit.html,https://www.alliancegroups.com.au/multi-unit-compliance-shield-audit.html,Case Study: Multi-Unit Commercial Compliance Shield™ Audit | Alliance Group,Multi-Unit Compliance Shield™ Audit,"Case Study: How Alliance Group delivered a comprehensive pre-acquisition statutory compliance and asbestos audit across a 14-tenancy commercial park in Logan, QLD.",https://www.alliancegroups.com.au/case-studies/multi-unit-compliance-shield-audit.html
case-studies/commercial-asbestos-roof-replacement-brisbane.html,https://www.alliancegroups.com.au/commercial-asbestos-roof-replacement-brisbane.html,Case Study: Commercial Asbestos Roof Replacement Brisbane | Alliance Group,Commercial Asbestos Roof Replacement,"Case Study: How Alliance Group replaced 2,400m² of Super Six asbestos roofing on an active Brisbane industrial facility with zero manufacturing downtime.",https://www.alliancegroups.com.au/case-studies/commercial-asbestos-roof-replacement-brisbane.html
case-studies/emergency-asbestos-make-safe-industrial-facility.html,https://www.alliancegroups.com.au/emergency-asbestos-make-safe-industrial-facility.html,Case Study: Emergency Asbestos Make-Safe Industrial Facility | Alliance Group,Emergency Asbestos Make-Safe,"Case Study: How Alliance Group executed a 24/7 priority emergency make-safe across a storm-damaged industrial distribution facility in Archerfield, Brisbane.",https://www.alliancegroups.com.au/case-studies/emergency-asbestos-make-safe-industrial-facility.html
case-studies/water-ingress-rectification-strata-complex.html,https://www.alliancegroups.com.au/water-ingress-rectification-strata-complex.html,Case Study: Strata Water Ingress Rectification Brisbane | Alliance Group,Strata Water Ingress Rectification,Case Study: How Alliance Group diagnosed and rectified complex multi-level water ingress across a 32-unit residential strata complex in South Brisbane.,https://www.alliancegroups.com.au/case-studies/water-ingress-rectification-strata-complex.html
public/index.html,https://www.alliancegroups.com.au/index.html,Alliance Groups | Compliance Shield,"Keep every property safe, compliant, and connected.","Alliance Groups Compliance Shield connects landlords, property managers, venues, and tenants through Australia",MISSING
knowledge/what-is-an-asbestos-management-plan.html,https://www.alliancegroups.com.au/what-is-an-asbestos-management-plan.html,What is an Asbestos Management Plan? | QLD Statutory Guide (s429) | Alliance Group,What is an Asbestos Management Plan?,"Statutory guide to Asbestos Management Plans (AMP) under QLD WHS Regulation 2011 Section 429. Control procedures, 5-year reviews, and PCBU legal duties.",https://www.alliancegroups.com.au/knowledge/what-is-an-asbestos-management-plan.html
knowledge/index.html,https://www.alliancegroups.com.au/index.html,"Knowledge Centre | Asbestos, Roofing &amp; Building Compliance QLD | Alliance Group",Alliance Knowledge Centre,"Authoritative guides on Queensland WHS regulations, asbestos registers (s425), management plans (s429), building defect diagnostics, and roof repairs.",https://www.alliancegroups.com.au/knowledge/index.html
knowledge/asbestos-clearance-certificate-guide.html,https://www.alliancegroups.com.au/asbestos-clearance-certificate-guide.html,Asbestos Clearance Certificate Guide | QLD WHS Section 473 | Alliance Group,Asbestos Clearance Certificate Guide,"Statutory guide to Asbestos Clearance Certificates under QLD WHS Regulation Section 473. Who can issue, mandatory air monitoring &amp; legal re-occupancy rules.",https://www.alliancegroups.com.au/knowledge/asbestos-clearance-certificate-guide.html
knowledge/can-asbestos-roofing-be-repaired.html,https://www.alliancegroups.com.au/can-asbestos-roofing-be-repaired.html,Can Asbestos Roofing Be Repaired? | Legal &amp; Technical Guide QLD | Alliance Group,Can Asbestos Roofing Be Repaired?,"Legal and technical guide on asbestos roof repairs in Queensland. Why high-pressure cleaning is illegal, limitations on repairs &amp; Colorbond replacement rules.",https://www.alliancegroups.com.au/knowledge/can-asbestos-roofing-be-repaired.html
knowledge/what-to-do-after-major-water-ingress.html,https://www.alliancegroups.com.au/what-to-do-after-major-water-ingress.html,What to Do After Major Water Ingress | Step-by-Step Emergency Guide | Alliance Group,What to Do After Major Water Ingress,"Immediate step-by-step action guide following major water ingress in commercial or strata buildings. Make-safe, structural drying, mould prevention &amp; insurance.",https://www.alliancegroups.com.au/knowledge/what-to-do-after-major-water-ingress.html
knowledge/what-is-an-asbestos-register.html,https://www.alliancegroups.com.au/what-is-an-asbestos-register.html,What is an Asbestos Register? | QLD Statutory Guide (s425) | Alliance Group,What is an Asbestos Register?,"Complete guide to Asbestos Registers under QLD WHS Regulation 2011 Section 425. When is it mandatory, what must it record, and legal duties for commercial &amp; strata.",https://www.alliancegroups.com.au/knowledge/what-is-an-asbestos-register.html
knowledge/what-is-building-remediation.html,https://www.alliancegroups.com.au/what-is-building-remediation.html,What is Building Remediation? | Structural &amp; Defect Rectification | Alliance Group,What is Building Remediation?,"Comprehensive guide to building remediation in Queensland. Concrete cancer repairs, waterproofing replacement, structural strengthening &amp; strata renewals.",https://www.alliancegroups.com.au/knowledge/what-is-building-remediation.html
knowledge/what-is-a-building-defect-inspection.html,https://www.alliancegroups.com.au/what-is-a-building-defect-inspection.html,What is a Building Defect Inspection? | Forensic Audit Guide QLD | Alliance Group,What is a Building Defect Inspection?,"Technical guide on forensic building defect inspections in Queensland. Causation methodology, non-destructive testing, expert witness reports &amp; Australian Standards & NCC.",https://www.alliancegroups.com.au/knowledge/what-is-a-building-defect-inspection.html
knowledge/what-is-emergency-make-safe-work.html,https://www.alliancegroups.com.au/what-is-emergency-make-safe-work.html,What is Emergency Make-Safe Work? | Structural &amp; Hazmat Protocols | Alliance Group,What is Emergency Make-Safe Work?,"Guide to emergency make-safe works in Queensland. Structural shoring, roof tarping, storm damage containment, hazmat isolation &amp; insurance reporting.",https://www.alliancegroups.com.au/knowledge/what-is-emergency-make-safe-work.html
knowledge/why-roof-leaks-keep-returning.html,https://www.alliancegroups.com.au/why-roof-leaks-keep-returning.html,Why Roof Leaks Keep Returning | Forensic Diagnostic Guide | Alliance Group,Why Roof Leaks Keep Returning,"Technical explanation of why roof leaks keep returning after repairs. Capillary draw, wind-driven pressure, box gutter flaws &amp; why silicone fails.",https://www.alliancegroups.com.au/knowledge/why-roof-leaks-keep-returning.html
knowledge/strata-body-corporate-asbestos-guide.html,https://www.alliancegroups.com.au/strata-body-corporate-asbestos-guide.html,Strata &amp; Body Corporate Asbestos Guide | QLD Legal Compliance | Alliance Group,Strata &amp; Body Corporate Asbestos Guide,"Complete statutory asbestos guide for Body Corporate committees &amp; strata managers in Queensland. Common property registers, contractor induction &amp; legal liability.",https://www.alliancegroups.com.au/knowledge/strata-body-corporate-asbestos-guide.html
knowledge/how-to-identify-asbestos.html,https://www.alliancegroups.com.au/how-to-identify-asbestos.html,How to Identify Asbestos in Buildings | Visual &amp; Lab Guide QLD | Alliance Group,How to Identify Asbestos in Buildings,"Expert guide on identifying asbestos in Queensland buildings. Common materials, pre-1990 construction indicators &amp; NATA laboratory testing protocols.",https://www.alliancegroups.com.au/knowledge/how-to-identify-asbestos.html
knowledge/what-to-do-if-asbestos-is-discovered.html,https://www.alliancegroups.com.au/what-to-do-if-asbestos-is-discovered.html,What to Do if Asbestos is Discovered | Stop-Work Protocol QLD | Alliance Group,What to Do if Asbestos is Discovered,Step-by-step stop-work action protocol if suspected asbestos is discovered during renovation or demolition in Queensland. Zone isolation &amp; testing procedures.,https://www.alliancegroups.com.au/knowledge/what-to-do-if-asbestos-is-discovered.html
